0,10,11,12,13,14,15,16,17,25,31,34,46,52,53,60,64,65,67,70,76,81,83,91,92,95,97,102,123,135,145,148,153,160,161,172,189,197,205,258,267,290,325,337,346,357,359,373,382,387,412,414,421,425,441,454,458,478,479,481
1,10,11,12,13,14,15,17,18,29,31,34,36,37,45,50,53,73,74,78,98,110,118,119,126,140,142,143,152,176,199,203,215,227,259,288,307,328,332,342,386,417,428,471
2,10,11,12,13,16,18,23,24,29,31,35,37,39,40,43,52,75,82,86,98,145,150,152,173,180,184,198,205,230,233,235,241,243,261,264,286,291,295,330,352,366,371,373,414,426,433,465
3,10,11,12,13,14,16,17,18,19,23,28,36,37,45,59,65,68,72,73,74,77,101,105,109,113,129,135,142,150,159,177,180,200,209,217,254,273,283,304,310,333,334,371,386,410,425,432,455,463,475
4,10,11,14,15,21,32,38,41,47,52,57,177,179,204,213,257,275,315,320,337,344,417
5,10,11,12,13,14,15,16,17,21,23,24,30,32,36,38,42,49,58,61,63,66,67,71,77,89,92,105,107,110,115,118,120,123,136,141,144,146,147,154,161,167,181,186,197,200,201,208,216,225,228,243,247,259,263,266,272,295,297,301,302,313,321,323,332,333,334,337,345,369,374,375,385,393,420,422,430,448,482,489,496,499
6,10,11,13,15,16,17,19,21,27,30,34,48,50,64,68,74,81,87,89,92,108,122,124,128,132,144,156,161,191,212,226,235,248,252,264,280,307,310,335,348,364,373,399
7,10,12,13,14,17,22,27,33,49,54,87,95,106,136,201,215,299,313,350,352,442,443
8,10,11,12,18,19,20,22,25,26,58,70,84,95,104,120,140,147,151,153,164,165,176,187,202,210,216,230,315,316,322,370,382,403,427,429,460,484,488,490
9,10,11,12,18,22,25,26,27,30,32,33,34,35,47,65,94,115,118,133,136,162,168,192,198,222,248,263,271,275,278,309,314,315,356,378,417,446,447,449,453,470
10,0,1,2,3,4,5,6,7,8,9,11,12,13,14,15,16,17,18,19,20,21,22,23,25,26,27,28,29,30,31,32,33,35,36,40,41,43,46,47,48,49,51,52,55,56,57,59,60,61,63,66,71,72,73,74,78,81,90,91,95,99,103,109,115,116,122,125,130,131,132,143,144,146,151,152,154,155,156,158,164,166,174,178,184,188,189,191,197,206,207,218,223,236,239,243,250,260,261,262,266,275,276,279,299,302,303,320,325,326,329,336,340,341,350,355,362,365,379,403,411,419,421,423,434,440,443,468,470,481,487,488,495,497
11,0,1,2,3,4,5,6,8,9,10,12,13,14,15,16,17,19,20,21,22,24,25,26,27,28,31,33,35,36,38,39,41,42,44,46,48,55,56,57,58,61,69,70,73,78,79,80,83,92,95,99,107,108,110,112,113,114,117,119,132,136,140,141,142,146,148,151,155,158,159,164,168,169,171,178,181,182,189,190,193,195,200,202,207,222,224,239,240,241,248,263,265,268,274,277,281,294,305,318,326,333,341,351,352,358,360,363,366,372,381,382,383,384,389,390,412,424,430,433,436,448,451,456,460,477,480,484,485,493,497
12,0,1,2,3,5,7,8,9,10,11,13,14,15,16,18,19,20,22,25,26,28,33,35,39,43,44,46,49,53,54,55,57,61,63,65,70,72,76,79,82,83,88,94,96,100,104,107,111,116,120,121,123,125,126,133,137,149,151,154,157,178,179,183,186,189,192,199,201,205,207,208,215,218,226,231,232,239,253,258,270,271,283,287,291,297,303,323,324,328,342,350,376,378,380,383,387,389,399,405,420,431,438,443,447,468,478,487,496
13,0,1,2,3,5,6,7,10,11,12,14,15,17,18,19,20,21,22,23,25,26,28,31,32,35,38,40,42,45,47,48,51,55,62,64,70,71,73,80,82,85,90,92,93,98,101,102,105,107,108,115,119,124,128,129,131,132,133,136,138,143,145,148,149,161,173,176,178,185,186,190,198,199,201,202,207,214,218,234,237,238,250,251,260,262,275,276,283,301,306,312,313,319,330,336,346,348,355,357,365,375,380,385,395,396,403,420,430,441,449,470,473,489,498,499
14,0,1,3,4,5,7,10,11,12,13,15,16,19,20,22,23,24,26,27,29,30,34,37,41,42,49,50,51,52,54,59,60,63,64,69,73,76,80,90,94,100,103,105,106,108,109,122,123,124,127,144,166,167,169,175,177,223,225,251,258,259,260,265,286,292,297,313,324,331,340,366,367,371,390,395,413,429,432
15,0,1,4,5,6,10,11,12,13,14,16,17,18,20,21,24,26,27,32,33,34,35,36,41,42,44,45,48,50,52,56,61,64,72,76,83,85,87,88,94,113,114,115,118,124,129,130,132,135,138,142,144,145,155,175,180,184,191,195,196,199,205,220,231,245,255,256,257,270,275,286,288,299,312,313,318,331,334,338,362,364,374,379,394,399,402,405,410,416,430,447,457,477,480,498
16,0,2,3,5,6,10,11,12,14,15,21,23,24,30,34,44,45,59,60,64,66,75,78,99,101,121,136,140,147,151,158,160,166,176,177,191,196,200,203,213,215,217,230,234,238,244,246,249,258,270,273,276,281,287,289,292,295,296,298,310,313,328,330,336,354,358,360,369,387,401,415,431,432,438
17,0,1,3,5,6,7,10,11,13,15,18,19,20,21,22,27,37,38,39,46,47,50,51,53,56,57,59,60,66,67,71,72,73,86,90,101,111,112,116,126,139,149,156,162,163,165,170,177,192,194,216,256,279,283,287,293,306,326,332,340,347,358,376,384,388,420,439,463,466,492,497
18,1,2,3,8,9,10,12,13,15,17,19,20,22,23,24,25,26,28,29,30,31,34,38,40,41,42,43,47,50,52,53,56,58,59,69,74,78,79,86,91,94,96,103,106,109,113,117,126,128,131,132,133,146,152,159,167,172,182,193,204,211,219,235,239,240,250,252,262,273,286,294,300,323,325,326,337,338,341,350,352,362,364,365,372,376,384,396,414,424,433,437,445,450,452,453,460,463,464,470,471,475,482
19,3,6,8,10,11,12,13,14,17,18,20,21,23,25,27,29,33,35,38,39,45,46,47,50,54,60,70,74,75,77,78,81,83,85,89,90,93,95,103,104,115,119,128,131,132,137,142,143,149,164,181,200,202,209,219,226,237,254,265,267,270,287,290,318,320,351,353,364,419,461,470,477,486
20,8,10,11,12,13,14,15,17,18,19,24,28,29,30,31,34,36,37,48,51,63,77,84,108,110,113,116,123,135,152,169,188,212,236,246,254,274,277,279,305,322,365,385,400,428,436,448,472,476
21,4,5,6,10,11,13,15,16,17,19,23,24,29,31,46,54,63,89,96,98,109,111,130,131,222,228,234,244,261,264,265,286,304,321,339,344,359,362,375,382,400,401,413
22,7,8,9,10,11,12,13,14,17,18,24,28,30,39,44,48,80,81,90,104,123,129,139,156,184,211,214,245,261,289,293,301,316,331,334,345,366,410,430
23,2,3,5,10,13,14,16,18,19,21,25,26,27,29,32,39,41,42,45,46,60,61,63,73,77,81,83,86,88,93,96,97,100,113,114,122,124,125,129,133,140,145,164,171,176,180,181,193,198,199,210,212,215,224,228,233,237,240,248,249,251,260,271,275,290,300,303,340,344,355,359,364,381,387,401,413,459,486
24,2,5,11,14,15,16,18,20,21,22,28,32,35,44,51,57,62,67,69,81,82,85,86,88,91,92,105,118,129,132,134,147,161,166,168,174,182,197,198,208,217,221,222,223,234,238,250,251,258,264,266,314,327,330,335,338,339,361,410,428,433,449,486,491
25,0,8,9,10,11,12,13,18,19,23,32,33,37,38,49,54,64,68,69,72,75,83,84,85,86,91,97,99,105,112,117,120,124,134,147,148,152,168,169,178,196,204,208,218,225,233,239,242,246,252,261,269,273,274,284,288,289,299,318,332,346,349,360,380,389,401,414,435,447,449,459,469,492
26,8,9,10,11,12,13,14,15,18,23,28,38,40,44,58,60,62,79,83,98,108,115,148,151,174,179,191,222,242,249,281,294,309,315,317,322,343,349,351,367,375,388,392,404,421,461,463,482
27,6,7,9,10,11,14,15,17,19,23,33,36,39,43,44,62,66,72,101,130,133,145,180,185,199,255,267,278,280,307,343,373,383,391,392,393,420,424,430,449,452,483,488
28,3,10,11,12,13,18,20,22,24,26,29,33,42,43,48,53,55,56,75,88,103,118,139,141,147,157,174,236,250,266,290,315,321,354,356,357,368,385,400,418,419,435,470,471,482
29,1,2,10,14,18,19,20,21,23,28,30,36,41,45,49,53,66,75,76,79,80,102,104,121,135,136,170,206,245,258,259,289,310,330,332,336,356,359,381,396,404,430,439,446,459,483,486,489,495
30,5,6,9,10,14,16,18,20,22,29,31,32,37,39,49,58,68,77,80,93,114,116,139,166,173,188,194,210,217,229,244,285,290,291,307,336,337,343,346,348,351,384,386,421,422,438,452
31,0,1,2,10,11,13,18,20,21,30,40,49,53,54,55,56,68,78,94,107,112,118,125,128,137,139,153,170,179,184,187,201,202,208,218,223,227,231,246,265,282,293,299,304,324,326,348,353,355,384,386,387,388,389,403,405,427,437,447,460,492,498
32,4,5,9,10,13,15,23,24,25,30,34,36,37,43,69,79,93,103,124,126,146,160,171,238,262,278,282,283,309,310,314,330,335,347,367,425,433,457,470,492,496,498
33,7,9,10,11,12,15,19,25,27,28,35,50,52,57,58,66,71,89,96,98,99,103,104,113,114,118,121,166,188,196,198,205,209,219,220,234,246,251,286,291,292,296,298,320,342,345,357,400,414,427,443,459,471,482
34,0,1,6,9,14,15,16,18,20,32,38,40,41,43,47,51,58,60,66,67,71,74,75,81,86,91,93,97,102,115,120,121,149,150,163,166,172,184,188,192,204,206,227,229,235,262,274,279,280,297,314,332,353,354,356,362,374,402,413,478
35,2,9,10,11,12,13,15,19,24,33,37,40,42,57,64,95,122,124,129,132,134,135,145,168,171,188,189,219,224,230,255,280,287,289,309,311,349,378,388,394,397,399,418,431,454,471,499
36,1,3,5,10,11,15,20,27,29,32,40,46,48,49,56,61,62,75,79,80,82,86,88,104,112,121,127,147,150,155,186,320,345,347,418,430,453,487,489
37,1,2,3,14,17,20,25,30,32,35,39,43,47,52,53,55,65,67,74,84,95,96,117,127,152,165,180,196,208,221,224,234,269,282,289,296,298,314,348,369,384,408,435,483
38,4,5,11,13,17,18,19,25,26,34,40,42,45,47,54,59,61,71,80,89,97,117,121,140,153,162,164,169,170,171,172,200,213,217,219,220,254,261,339,379,395,398,407,434,440,478,492
39,2,11,12,17,19,22,23,27,30,37,41,52,54,62,84,85,127,128,151,160,174,187,195,196,197,223,279,280,292,297,352,392,399,415,423,425,472,473
40,2,10,13,18,26,31,34,35,36,38,45,46,48,87,100,105,119,125,159,162,169,193,197,222,225,237,279,307,338,351,389,403,412,440,485,488,491,493
41,4,10,11,14,15,18,23,29,34,39,44,55,65,68,70,111,180,214,236,245,280,291,293,376,383,385,458,463
42,5,11,13,14,15,18,23,28,35,38,43,44,51,54,57,59,74,75,77,79,83,85,87,106,113,146,149,164,180,181,187,205,227,239,241,243,273,277,314,336,338,360,407,436,445,486
43,2,10,12,18,27,28,32,34,37,42,50,55,82,88,108,125,130,139,165,172,193,247,253,294,298,360,361,397,427
44,11,12,15,16,22,24,26,27,41,42,58,64,65,68,71,77,78,91,98,110,114,118,139,148,169,175,187,188,218,225,253,264,278,297,301,310,312,328,386,426,434,494
45,1,3,13,15,16,19,23,29,38,40,63,67,76,88,93,94,145,151,153,157,174,181,183,186,201,203,207,212,229,230,291,319,356,390,427,471,487
46,0,10,11,12,17,19,21,23,36,40,62,65,79,83,105,112,135,136,155,157,181,183,213,229,246,259,381
47,4,9,10,13,17,18,19,34,37,38,51,65,87,105,108,131,137,162,172,208,218,232,276,357,378,480
48,6,10,11,13,15,20,22,28,36,40,61,62,87,102,112,125,127,134,135,142,150,153,156,158,174,179,192,195,232,267,282,289,302,333,369,380,392,408,428,462,473,481,493
49,5,7,10,12,14,25,29,30,31,36,50,53,56,70,76,80,97,100,107,108,142,152,155,206,213,216,323,326,338,359,406,424,432,433,434,439,482,490
50,1,6,14,15,17,18,19,33,43,49,51,60,64,84,100,106,119,120,123,131,153,155,159,186,190,198,199,206,212,242,267,329,342,346,373,414,418,423,429,439,489
51,10,13,14,17,20,24,34,42,47,50,55,56,59,63,67,69,70,75,89,94,103,111,120,124,162,165,176,179,188,225,235,257,261,271,286,304,321,345,352,375,392,424,431,436,450,474,488,498
52,0,2,4,10,14,15,18,33,37,39,76,101,103,106,109,110,145,163,167,170,229,248,294,300,308,309,346,365,370,394,433
53,0,1,12,17,18,28,29,31,37,49,61,62,66,69,76,77,101,111,155,157,172,178,196,217,257,291,318,319,325,379,454
54,7,12,14,19,21,25,31,38,39,42,63,70,82,90,101,109,169,187,197,228,249,281,314,355,409,453
55,10,11,12,13,28,31,37,41,43,51,78,93,95,118,161,176,200,203,239,251,268,289,311,319,361,375,425,474
56,10,11,15,17,18,28,31,36,49,51,57,58,67,68,71,73,74,82,84,87,97,110,114,122,128,134,138,142,147,148,154,164,171,197,201,235,239,246,265,285,288,292,348,361,364,386,402,405,436,438,449,452,458,468,472,479,493,497
57,4,10,11,12,17,24,33,35,42,56,59,67,69,80,86,104,117,119,137,146,153,163,166,169,170,177,182,195,196,228,237,277,300,318,333,335,359,368,381,393,418,421,444,465,467,468,472,477,491
58,5,8,11,18,26,30,33,34,44,56,62,65,68,81,85,86,114,115,116,117,133,149,159,168,170,189,192,214,215,217,222,225,229,242,255,267,274,288,293,308,321,336,358,363,394,435,438,440,465
59,3,10,14,16,17,18,38,42,51,57,98,102,135,233
60,0,10,14,16,17,19,23,26,34,50,68,78,100,106,112,138,141,156,193,203,205,209,243,251,267,277,281,296,303,395,453,476
61,5,10,11,12,15,23,36,38,48,53,95,102,138,150,226,254,258,259,270,314,337,351,352,364,379,406,407,428,497
62,13,24,26,27,36,39,46,48,53,58,66,72,149,160,177,181,220,249,327,459,462,467
63,5,10,12,14,20,21,23,45,51,54,76,81,87,89,94,110,113,120,122,130,146,152,153,157,165,173,175,181,192,210,243,245,261,268,269,272,292,307,312,320,353,361,378,390,451,495,497
64,0,6,13,14,15,16,25,35,44,50,71,84,85,92,100,133,143,150,159,175,177,221,224,257,268,305,312,317,338,345,359,367,386,393,442,451,472
65,0,3,9,12,37,41,44,46,47,58,85,107,115,120,122,127,128,134,137,199,207,250,260,263,307,316,363,371,374,375,393,411,463,490
66,5,10,16,17,27,29,33,34,53,62,123,141,159,171,285,319,334,387,434
67,0,5,17,24,34,37,45,51,56,57,69,72,87,111,212,214,233,323,344,383,416,436,461,490
68,3,6,25,30,31,41,44,56,58,60,77,84,90,91,92,141,158,170,194,217,253,339,353,369,374,388,400,457
69,11,14,18,24,25,32,51,53,57,67,73,88,97,100,102,106,109,110,156,177,210,214,248,257,306,308,391,393,409,454,487
70,0,8,11,12,13,19,41,49,51,54,82,98,99,132,144,183,188,194,200,212,276,293,333,343,402,404,419,437,473
71,5,10,13,17,33,34,38,44,56,64,72,92,94,108,121,136,175,203,232,237,252,256,264,284,297,303,320,349,357,358,372,377,405,412,425,456,467,495
72,3,10,12,15,17,25,27,62,67,71,89,117,140,220,231,253,270,279,301,303,313,321,382,404,415,462,466
73,1,3,10,11,13,14,17,23,56,69,79,119,158,189,211,235,284,295,377,382,391,428
74,1,3,6,10,18,19,34,37,42,56,102,104,106,134,168,189,226,227,248,262,271,276,302,315,325,328,401,484
75,2,16,19,25,28,29,34,36,42,51,96,109,127,151,196,240,272,311,313,322,333,353,412,417,419,424,441,450,461,462,477
76,0,12,14,15,29,45,49,52,53,63,82,111,181,216,241,295,319,326,329,386,397,419,454,464,493
77,3,5,19,20,23,30,42,44,53,68,105,117,171,182,190,208,233,243,265,268,274,303,306,319,352,365,454
78,1,10,11,16,18,19,31,44,55,60,116,119,131,151,161,165,171,173,259,281,301,317,332,333,334,439,471,483
79,11,12,18,26,29,32,36,42,46,73,90,91,98,102,155,170,221,237,241,264,286,339,377,393,407,429,473,481
80,11,13,14,22,29,30,36,38,49,57,122,129,133,163,187,244,345,347,357,440,455
81,0,6,10,19,22,23,24,34,58,63,88,90,97,99,187,202,224,230,295,309,327,329,348,380,386,439,457
82,2,12,13,24,36,43,54,56,70,76,92,96,120,312,327,422
83,0,11,12,15,19,23,25,26,42,46,84,91,99,103,113,134,142,163,173,228,274,278,289,293,436,450
84,8,20,25,37,39,50,56,64,68,83,107,112,138,156,179,191,216,255,289,296,332,402,454,466
85,13,15,19,24,25,39,42,58,64,65,205,244,268,285,299,325,341,396
86,2,17,18,23,24,25,34,36,57,58,109,136,143,161,182,184,228,265,280,322,342,382,399,422,444,495
87,6,7,15,40,42,47,48,56,63,67,89,101,121,126,131,152,176,182,203,205,266,277,297,317,365,387,414,424,443,452
88,12,15,23,24,28,36,43,45,69,81,93,96,99,101,116,117,130,133,135,138,154,172,175,236,242,252,272,294,367,377,387,407,421,423,425,439,441,447,458
89,5,6,19,21,33,38,51,63,72,87,107,122,129,144,145,157,214,226,233,234,236,277,308,327,392,421,443,456,495
90,10,13,14,17,19,22,54,68,79,81,100,110,126,150,186,187,210,214,220,231,236,241,293,340,392,415,426,480
91,0,10,18,24,25,34,44,68,79,83,93,146,160,264,301,308,330,384,442,475
92,0,5,6,11,13,24,64,68,71,82,144,154,166,213,271,308,309,334,347,484
93,13,19,23,30,32,34,45,55,88,91,99,130,195,202,281,282,284,285,361,380,397,451
94,9,12,14,15,18,31,45,51,63,71,146,156,218,226,257,266,292,331,347,376,390,401,411,416,477,479,489,499
95,0,7,8,10,11,19,35,37,55,61,96,97,116,317,397,406,416,460
96,12,18,21,23,33,37,75,82,88,95,141,149,182,185,211,250,311,466
97,0,23,25,34,38,49,56,69,81,95,125,204,258,296,301,327,331,365,424
98,1,2,13,21,26,33,44,59,70,79,164,280,298,324,331,348,378,401,404,447,462,476
99,10,11,16,25,33,70,81,83,88,93,131,141,192
100,12,14,23,40,49,50,60,64,69,90,106,114,166,175,238,270,271,284,301,360,391,402,426,441,457,478,479
101,3,13,16,17,27,52,53,54,87,88,111,112,116,219,234,380,441
102,0,13,29,34,48,59,61,69,74,79,104,128,134,165,174,179,186,198,203,343,357,453,475,481,496
103,10,14,18,19,28,32,33,51,52,83,137,366,419,434,489
104,8,12,19,22,29,33,36,57,74,102,126,168,206,255,311,341,372,373,376,428
105,3,5,13,14,24,25,40,46,47,77,107,123,125,231,234,253,276,285,389,394,410,442
106,7,14,18,42,50,52,60,69,74,100,127,139,172,182,191,214,217,218,237,238,256,276,318,335,340,354,478
107,5,11,12,13,31,49,65,84,89,105,111,119,167,202,300,308,310,315,363,416
108,6,11,13,14,20,26,43,47,49,71,222,251,284,316,345,361,379,383,385,397,493
109,3,10,14,18,21,52,54,69,75,86,190,207,211,221,422,472
110,1,5,11,20,44,52,56,63,69,90,121,126,147,184,185,189,191,284,288,316,408,466
111,12,17,21,41,51,53,67,76,101,107,137,141,225,300,363
112,11,17,25,31,36,46,48,60,84,101,114,183,281,368,403
113,3,11,15,18,20,23,33,42,63,83,197,209,256
114,11,15,23,30,33,44,56,58,100,112,124,125,134,144,154,162,173,205,235,315,360,377,397,426,427,439,460,496
115,5,9,10,13,15,19,26,34,58,65,138,231,266,324,366,367,445,463,468
116,10,12,17,20,30,58,78,88,95,101,130,158,171,177,194,230,294,364,422,438,461,466
117,11,18,25,37,38,57,58,72,77,88,127,150,183,188,221,280,325,349,369,396
118,1,5,9,15,24,28,31,33,44,55,156,216,226,248,340,344,406,420,488
119,1,11,13,19,40,50,57,73,78,107,147,163,220,290,339,408,466
120,5,8,12,25,34,50,51,63,65,82,127,256,347,395,412,415,434,464
121,12,16,29,33,34,36,38,71,87,110,123,126,154,160,163,232,247,249,254,305,405,406,419
122,6,10,14,23,35,56,63,65,80,89,129,137,140,143,149,206,212,232,240,260,280,321,434,457,462
123,0,5,12,14,20,22,50,66,105,121,128,138,158,199,494
124,6,13,14,15,23,25,32,35,51,114,138,143,158,193,198,207,211,297,298,398,426,454,463,494
125,10,12,23,31,40,43,48,97,105,114,143,302,324,416
126,1,12,17,18,32,87,90,104,110,121,130,140,161,167,170,178,202,293,309,319,339,355,374,394,418,494
127,14,36,37,39,48,65,75,106,117,120,143,160,161,226,229,230,252,293,398,432,496
128,6,13,18,19,31,39,56,65,102,123,141,180,195,229,282,290,335,344,350,376,398,486
129,3,13,15,22,23,24,35,80,89,122,148,159,173,175,221,248,304,325,394,497
130,10,15,21,27,43,63,88,93,116,126,139,142,153,167,203,270,274,366,378,382,398,401,414,421,460
131,10,13,18,19,21,47,50,78,87,99,159,167,174,183,224,268,345,395,461
132,6,10,11,13,15,18,19,24,35,70,137,139,140,183,185,196,213,230,242,247,287,318,378,383,385,413,423
133,9,12,13,18,23,27,58,64,80,88,176,178,277,288,298,357,389,399,404,407,452
134,24,25,35,48,56,65,74,83,102,114,144,180,194,201,219,265,298,393,459,482
135,0,3,15,20,29,35,46,48,59,88,148,172,204,227,253,323,331,380,394,398,457,476
136,5,7,9,11,13,16,29,46,71,86,160,162,185,210,215,224,261,275,396,465,490
137,12,19,31,47,57,65,103,111,122,132,195,206,241,242,291,360,477
138,13,15,56,60,61,84,88,115,123,124,148,168,184,355,372,446
139,17,22,28,30,31,43,44,106,130,132,154,157,162,185,190,192,247,351,390,426
140,1,8,11,16,23,38,72,122,126,132,157,305,366,391,401,435,491
141,5,11,28,60,66,68,96,99,111,128,245,256,271,391,452
142,1,3,11,15,19,48,49,56,83,130,307,309,310,317,354,408,453,494
143,1,10,13,19,64,86,122,124,125,127,160,219,243,245,252,285,287,315,342,354,373,479
144,5,6,10,14,15,70,89,92,114,134,178,195,275,294,317,346,361,397,432,455
145,0,2,13,15,23,27,35,45,52,89,186,213,259,288,334,405,484
146,5,10,11,18,32,42,57,63,91,94,150,190,241,257,263,269,273,336,355,371,444,447,469
147,5,8,16,24,25,28,36,56,110,119,154,178,191,263,299,392,443
148,0,11,13,25,26,44,56,129,135,138,158,194,219,282,400
149,12,13,17,19,34,42,58,62,96,122,204,240,305,318,381,499
150,2,3,34,36,48,61,64,90,117,146,221,263,281,377,415,422
151,8,10,11,12,16,26,39,45,75,78,173,227,350,406
152,1,2,10,18,20,25,37,49,63,87,232,253
153,0,8,31,38,45,48,50,57,63,130,157,190,224,236,266,278,313,329,344
154,5,10,12,56,88,92,114,121,139,147,155,191,195,216,244,249,262,299,327,388,396
155,10,11,15,36,46,49,50,53,79,154,165,185,209,267,275
156,6,10,17,22,48,60,69,84,94,118,168,208,232,288,330,371,372,400
157,12,28,45,46,53,63,89,139,140,153,162,163,165,167,278,416,472
158,10,11,16,48,68,73,116,123,124,148,259,268,284,287,374,386,437,445
159,3,11,18,40,50,58,64,66,129,131,163,164,193,204,221,290,403,415,493
160,0,16,32,39,62,91,121,127,136,143,194,200,214,224,228,241,328,410,416,433,485
161,0,5,6,13,24,55,78,86,126,127,203,220,244,252,253,274,311,320,345,377,436,437,450,465
162,9,17,38,40,47,51,114,136,139,157,190,231,236,239,275,335,336,409
163,17,34,52,57,80,83,119,121,157,159,185,207,217,232,258,272,296,305,329,370,429
164,8,10,11,19,23,38,42,56,98,159,167,175,176,194,300,338,363,380,406,409,429,435,461
165,8,17,37,43,51,63,78,102,155,157,174,182,186,192,215,238,247,255,263,285,483
166,10,14,16,24,30,33,34,57,92,100,226,314,343,411,484,494
167,5,14,18,52,107,126,130,131,157,164,169,202,210,211,238,273,331,474
168,9,11,24,25,35,58,74,104,138,156,185,193,206,221,223,269,278,286,400
169,11,14,20,25,38,40,44,54,57,167,220,306,328,330,379
170,17,29,31,38,52,57,58,68,79,126,179,208,216,223,247,269,281,295,350,366,429
171,11,23,32,35,38,56,66,77,78,116,179,190,303,372
172,0,18,34,38,43,47,53,88,106,135,173,240,250,251,311,317,359
173,2,13,30,63,78,83,114,129,151,172,184,193,207,290,374,484
174,10,24,26,28,39,45,48,102,131,165
175,14,15,44,63,64,71,88,100,129,164,189,245,254,334,458,475,494
176,1,8,13,16,23,51,55,87,133,164,216,223,242,245,246,309,332,349,358,446,462,476
177,3,4,14,16,17,57,62,64,69,116,218,223,283,381,483
178,10,11,12,13,25,53,126,133,144,147,183,199,243,325,331,334
179,4,12,26,31,48,51,84,102,170,171,212,222,247,308,369,450,476
180,2,3,15,23,27,37,41,42,128,134,211,213,246,263,324,398,486,498
181,5,11,19,23,42,45,46,62,63,76,183,233,247,257,295,322,323,324,393,411,415
182,11,18,24,57,77,86,87,96,106,165,187,200,247,257,269,296,305,322,412,451,461,491
183,12,45,46,70,112,117,131,132,178,181,209,256,271,339,356,381
184,2,10,15,22,31,34,86,110,138,173,198,231,268,333,363,390,432,436,499
185,13,27,96,110,132,136,139,155,163,168,253,307,329,391,476
186,5,12,13,36,45,50,90,102,145,165,245,288,369,402
187,8,31,39,42,44,54,80,81,90,182,225,259,304,307,371,456,491
188,10,20,30,33,34,35,44,51,70,117,197,232,260,296,298,328,337,349,429,432,498
189,0,10,11,12,35,58,73,74,110,175,201,215,254,302,372,387,398,421,446,455
190,11,13,50,77,109,139,146,153,162,171,204,206,212,231
191,6,10,15,16,26,84,106,110,147,154,194,201,234,249,414,435,482
192,9,12,17,34,48,58,63,99,139,165,246,252,292,306,338,357,431,438
193,11,18,23,40,43,60,124,159,168,173,210,230,235,244,267,283,285,287,296,302,320,422,485
194,17,30,68,70,116,134,148,160,164,191,273,359,493
195,11,15,39,48,57,93,128,137,144,154,227,229,263,417
196,15,16,25,33,37,39,53,57,75,132,209,233,269,427
197,0,5,10,24,39,40,54,56,113,188,213,235,258,286,376
198,2,9,13,23,24,33,50,102,124,184,238,278,284,317,326,361,377
199,1,12,13,15,23,27,50,65,123,178,209,211,222,237,268,310,347
200,3,5,11,16,19,38,55,70,160,182,219,227,228,229,249,291,292,320,450,484,485
201,5,7,12,13,31,45,56,134,189,191,209,220,270,271,276,347,354,374,379,402,445,461,498
202,8,11,13,19,31,81,93,107,126,167,210,249,373,383,418,476
203,1,16,45,55,60,71,87,102,130,161,204,250,269,440,474,494
204,4,18,25,34,97,135,149,159,190,203,283,375,426,451
205,0,2,12,15,33,42,60,85,87,114,227,314,330,408,428,435,437,474
206,10,29,34,49,50,104,122,137,168,190,319,385,445,448,455,458
207,10,11,12,13,45,65,109,124,163,173,332,338,479
208,5,12,24,25,31,37,47,77,156,170,215,244,254,256,311,350,388,408,449
209,3,19,33,60,113,155,183,196,199,201,211,284,355,395,397,399,497
210,8,23,30,63,69,90,136,167,193,202,454,492,494
211,18,22,73,96,109,124,167,180,199,209,243,349,365
212,6,20,23,45,50,67,70,122,179,190,277,367,431,442
213,4,16,38,46,49,92,132,145,180,197,241,269,279,321,373,448
214,13,22,41,58,67,69,89,90,106,160,388,460,495
215,1,7,12,16,23,58,136,165,189,208,326,335,392,423,436,443,449,479,495
216,5,8,17,49,76,84,118,154,170,176,228,237,240,304,319,432,456,462,467
217,3,16,24,30,38,53,58,68,106,163,236,474
218,10,12,13,25,31,44,47,94,106,177,295,308,492
219,18,19,33,35,38,101,134,143,148,200,404,468
220,15,33,38,62,72,90,119,161,169,201,260,300,342,369,373,385,410,465,493,496
221,24,37,64,79,109,117,129,150,159,168,225,354,380,455
222,9,11,21,24,26,40,58,108,179,199,223,233,242,250,278,295,354,392,427,446
223,10,14,24,31,39,168,170,176,177,222,364,457
224,11,23,35,37,64,81,131,136,153,160,239,279,349,363,395,479,487
225,5,14,25,40,44,51,58,111,187,221,255,260,313,358,406,458,487
226,6,12,19,61,74,89,94,118,127,166,316,451
227,1,31,34,42,74,135,151,195,200,205,262,302,340,469,490
228,5,21,23,54,57,83,86,160,200,216,252,303,415
229,30,34,45,46,52,58,127,128,195,200,240,248,260,272,371,382,406,492
230,2,8,16,35,45,81,116,127,132,193,279,343,390,409,420,459
231,12,15,31,72,90,105,115,162,184,190,342,451,462
232,12,47,48,71,121,122,152,156,163,188,238,242,262,425
233,2,23,25,59,67,77,89,181,196,222,261,370,474
234,13,16,21,24,33,37,89,101,105,191,273,411
235,2,6,18,34,51,56,73,114,193,197,390,413,428,467
236,10,20,28,41,88,89,90,153,162,217,240,265,323,440,466,470
237,13,19,23,40,57,71,79,106,199,216,251,255,267,270,311,423,441
238,13,16,24,32,100,106,165,167,198,232,264,480
239,10,11,12,18,25,42,55,56,162,224,244,272,346,416,450,483
240,11,18,23,75,122,149,172,216,229,236,266,297,324
241,2,11,42,76,79,90,137,146,160,213,287,291,316,322,351,441
242,25,26,50,58,88,132,137,176,222,232,490
243,2,5,10,42,60,63,77,143,178,211,285,341,342,381,383,389,409,464
244,16,21,30,80,85,154,161,193,208,239,254,272,306,363,460
245,15,22,29,41,63,141,143,175,176,186,299,306,312,391,430
246,16,20,25,31,33,46,56,176,180,192,255,256,312
247,5,43,121,132,139,165,170,179,181,182,292,349,440,456,459
248,6,9,11,23,52,69,74,118,129,229,266,326,390,396,409,497
249,16,23,26,54,62,121,154,191,200,202,356,378,478
250,10,13,18,24,28,65,96,172,203,222,273,303,346,407
251,13,14,23,24,33,55,60,108,172,237,274,282,283,304,358,396,411
252,6,18,25,71,88,127,143,161,192,228,453,473
253,12,43,44,68,72,105,135,152,161,185,339,408,464,486
254,3,19,20,38,61,121,175,189,208,244,311,327,346,404,441
255,15,27,35,58,84,104,165,225,237,246,298,418,433
256,15,17,71,106,113,120,141,183,208,246,302,304,343,421
257,4,15,51,53,64,69,94,146,181,182,362
258,0,12,14,16,24,29,61,97,163,197,290,301,354,365,368,397,417,446,496
259,1,5,14,29,46,61,78,145,158,187,398,416
260,10,13,14,23,65,122,188,220,225,229,272,283,323,426,448
261,2,10,21,22,25,38,51,63,136,233,262,264,351,394,413,434
262,10,13,18,32,34,74,154,227,232,261,356,488
263,5,9,11,65,146,147,150,165,180,195,276,343
264,2,6,21,24,44,71,79,91,238,261,306,344,467
265,11,14,19,21,31,56,77,86,134,236,277,321,381,391,451,457,485,486
266,5,10,24,28,87,94,115,153,240,248,377,494
267,0,19,27,48,50,58,60,155,193,237,322,499
268,11,55,63,64,77,85,131,158,184,199,305
269,25,37,63,146,168,170,182,196,203,213,396
270,12,15,16,19,61,72,100,130,201,237,427,449
271,9,12,23,51,74,92,100,141,183,201,272,294,363,417,456
272,5,63,75,88,163,229,239,244,260,271,316,420,439,448
273,3,16,18,25,42,146,167,194,234,250,318,467
274,11,20,25,34,58,77,83,130,161,251,362
275,4,9,10,13,15,23,136,144,155,162,282,294,360,485
276,10,13,16,47,70,74,105,106,201,263,282,308,358,424,473,496
277,11,20,42,57,60,87,89,133,212,265,312,437
278,9,27,32,44,83,153,157,168,198,222,490
279,10,17,20,34,39,40,72,213,224,230,340
280,6,27,34,35,39,41,86,98,117,122,299,305,343,372,375,455,477
281,11,16,26,54,60,78,93,112,150,170,323,382,398,419,431
282,31,32,37,48,93,128,148,251,275,276,300,337,475
283,3,12,13,17,32,177,193,204,251,260
284,25,71,73,93,100,108,110,158,198,209,321,329,367,401,464,488
285,30,56,66,85,93,105,143,165,193,243,423
286,2,14,15,18,21,33,51,79,168,197,327,337,388
287,12,16,17,19,35,132,143,158,193,241,300,304,378,402
288,1,15,25,56,58,110,133,145,156,186,327,356
289,16,22,25,29,35,37,48,55,83,84,353,356,362,468,475
290,0,19,23,28,30,119,128,159,173,258,302,306,329,341,342,444,456
291,2,12,30,33,41,45,53,137,200,241
292,14,16,33,39,56,63,94,192,200,247,377,383,465,492
293,17,22,31,41,58,70,83,90,126,127,315,350,391,412
294,11,18,26,43,52,88,116,144,271,275,325,328,348,438,467,491
295,2,5,16,73,76,81,170,181,218,222,312,335,340,393,464
296,16,33,37,60,84,97,163,182,188,193,469,471,489
297,5,12,14,34,39,44,71,87,124,240,341,359,437,444,475,486
298,16,33,37,43,98,124,133,134,188,255,317,438,499
299,7,10,15,25,31,85,147,154,245,280,316,331
300,18,23,52,57,107,111,164,220,282,287,388,414
301,5,13,22,44,72,78,91,97,100,258,417
302,5,10,48,74,125,189,193,227,256,290,453
303,10,12,23,60,71,72,77,171,228,250,322,454
304,3,21,31,51,129,187,216,251,256,287,405,444,457
305,11,20,64,121,140,149,163,182,268,280,422,483
306,13,17,69,77,169,192,244,245,264,290
307,1,6,27,30,40,63,65,142,185,187,352,478
308,52,58,69,89,91,92,107,179,218,276,350,376,433,449
309,9,26,32,35,52,81,92,126,142,176,310,353,372,413
310,3,6,16,29,32,44,107,142,199,309,333,384,431
311,35,55,75,96,104,161,172,208,237,254,368
312,13,15,44,63,64,82,245,246,277,295,362,379
313,5,7,13,14,15,16,72,75,153,225
314,9,24,32,34,37,42,54,61,166,205,347,371,412,428,489
315,4,8,9,26,28,74,107,114,143,293,316,324,371,468
316,8,22,65,108,110,226,241,272,299,315,329,442,490
317,26,64,78,87,95,142,144,172,198,298,344,369,403
318,11,15,19,25,53,57,106,132,149,273,402,498
319,13,45,53,55,66,76,77,126,206,216,418,444
320,4,10,19,33,36,63,71,161,193,200
321,5,21,28,51,58,72,122,213,265,284
322,8,20,26,75,86,181,182,241,267,303,341,384
323,5,12,18,49,67,135,181,236,260,281,341
324,12,14,31,98,115,125,180,181,240,315,353,364,367,375,445,472
325,0,10,18,53,74,85,117,129,178,294,328,368,389,487
326,10,11,17,18,31,49,76,198,215,248,335
327,24,62,81,82,89,97,154,254,286,288,437,448,484,487
328,1,12,16,44,74,160,169,188,294,325,336
329,10,50,76,81,153,163,185,284,290,316
330,2,13,16,24,29,32,91,156,169,205,352,468,490
331,14,15,22,94,97,98,135,167,178,299,337
332,1,5,17,25,29,34,78,84,176,207,339,360,368,412
333,3,5,11,48,57,70,75,78,184,310
334,3,5,15,22,66,78,92,145,175,178,368,399,470,484
335,6,24,32,57,106,128,162,215,295,326,407,485
336,10,13,16,29,30,42,58,146,162,328,344,366,426,458,479
337,0,4,5,18,30,61,188,282,286,331,353,368,475
338,15,18,24,40,42,49,64,164,192,207,370
339,21,24,38,68,79,119,126,183,253,332,465
340,10,14,17,23,90,106,118,227,279,295,362,374,411
341,10,11,18,85,104,243,290,297,322,323,351,355,361,370,376,403,445,446
342,1,12,33,50,86,143,220,231,243,290,410,431
343,26,27,30,70,102,166,230,256,263,280,348,408,496
344,4,21,23,67,118,128,153,264,317,336,443,444,473
345,5,22,33,36,51,64,80,108,131,161
346,0,13,25,30,50,52,144,239,250,254
347,17,32,36,80,92,94,120,199,201,314,385,425,466,476
348,6,13,30,31,37,56,81,98,294,343
349,25,26,35,71,117,176,188,211,224,247,358,442
350,7,10,12,18,128,151,170,208,293,308
351,11,19,26,30,40,61,139,241,261,341,367
352,2,7,11,18,39,51,61,77,307,330,440
353,19,31,34,63,68,75,289,309,324,337,368,447
354,16,28,34,106,142,143,201,221,222,258,444
355,10,13,23,31,54,126,138,146,209,341,419,422
356,9,28,29,34,45,183,249,262,288,289,370,379,482,488
357,0,13,28,33,47,71,80,102,133,192,370
358,11,16,17,58,71,176,225,251,276,349
359,0,21,23,29,49,57,64,172,194,297,370,406,453,467,474
360,11,16,25,42,43,100,114,137,275,332,413,461
361,24,43,55,56,63,93,108,144,198,341,418,442,445,459
362,10,15,18,21,34,257,274,289,312,340,370,474
363,11,58,65,107,111,164,184,224,244,271,387,413
364,6,15,18,19,23,56,61,116,223,324,384,403,456
365,10,13,18,20,52,77,87,97,211,258,399,404,411
366,2,11,14,22,103,115,130,140,170,336
367,14,26,32,64,88,115,212,284,324,351,395,424,425,464
368,28,57,112,258,311,325,332,334,337,353,411,480
369,5,16,37,48,68,117,179,186,220,317,438
370,8,52,163,233,338,341,356,357,359,362,394,478,499
371,2,3,14,65,146,156,187,229,314,315,420,439,469,492
372,11,18,71,104,138,156,171,189,280,309,417,458,469
373,0,2,6,27,50,104,143,202,213,220
374,5,15,34,65,68,126,158,173,201,340,479
375,5,13,21,26,51,55,65,204,280,324,404
376,12,17,18,41,94,104,128,197,308,341
377,71,73,79,88,114,150,161,198,266,292,389
378,9,12,35,47,63,98,130,132,249,287,410
379,10,15,38,53,61,108,169,201,312,356,405,409
380,12,13,25,48,81,93,101,135,164,221
381,11,23,29,46,57,149,177,183,243,265,455
382,0,8,11,21,72,73,86,130,229,281,400,409,432,491
383,11,12,27,41,67,108,132,202,243,292,417,460
384,11,17,18,30,31,37,91,310,322,364,400,441
385,5,13,20,28,41,108,132,206,220,347,431,469
386,1,3,30,31,44,56,64,76,81,158
387,0,12,16,23,31,66,87,88,189,363,410,427,430
388,17,26,31,35,68,154,208,214,286,300,395,440,472
389,11,12,25,31,40,105,133,243,325,377
390,11,14,45,63,94,139,184,230,235,248,451
391,27,69,73,100,140,141,185,245,265,293,442
392,26,27,39,48,51,89,90,147,215,222,405,471
393,5,27,57,64,65,69,79,134,181,295,429,435,495,499
394,15,35,52,58,105,126,129,135,261,370,407
395,13,14,38,60,120,131,209,224,367,388,444,446
396,13,18,29,85,117,136,154,248,251,269,456,459,465
397,35,43,76,93,95,108,114,144,209,258,407
398,38,124,127,128,130,135,180,189,259,281,497
399,6,12,15,35,39,86,133,209,334,365,476,480
400,20,21,28,33,68,148,156,168,382,384,474,483
401,16,21,23,25,74,94,98,130,140,284,408
402,15,34,56,70,84,100,186,201,287,318
403,8,10,13,31,40,112,159,317,341,364
404,26,29,70,72,98,133,219,254,365,375,409,452
405,12,15,31,56,71,121,145,304,379,392
406,49,61,95,118,121,151,164,225,229,359,420,429,434,487
407,38,42,61,79,88,133,250,335,394,397,473
408,37,48,110,119,142,205,208,253,343,401,415
409,54,69,162,164,230,243,248,379,382,404
410,3,15,22,24,105,160,220,342,378,387
411,10,65,94,166,181,234,251,340,365,368,469
412,0,11,40,71,75,120,182,293,314,332,463
413,14,21,23,34,132,235,261,309,360,363,423
414,0,2,18,25,33,50,87,130,191,300,464
415,16,39,72,90,120,150,159,181,228,408,452
416,15,67,94,95,107,125,157,160,239,259,464
417,1,4,9,75,195,258,271,301,372,383,435
418,28,35,36,50,57,126,202,255,319,361,470
419,10,19,28,70,75,76,103,121,281,355,468,475
420,5,12,13,17,27,118,230,272,371,406,466,477
421,0,10,26,30,57,88,89,130,189,256,455,469
422,5,30,82,86,109,116,150,193,305,355,423,448,480
423,10,39,50,88,132,215,237,285,413,422
424,11,18,27,49,51,75,87,97,276,367
425,0,3,32,39,55,71,88,232,347,367,450,462
426,2,44,90,100,114,124,139,204,260,336
427,8,31,33,43,45,114,196,222,270,387,469,491
428,1,20,24,48,61,73,104,205,235,314
429,8,14,50,79,163,164,170,188,393,406
430,5,11,13,15,22,27,29,36,245,387,442
431,12,16,35,51,192,212,281,310,342,385,445,495
432,3,14,16,49,127,144,184,188,216,382
433,2,11,18,24,32,49,52,160,255,308,437,443,447
434,10,38,44,49,66,103,120,122,261,406,455
435,25,28,37,58,140,164,191,205,393,417,480
436,11,20,42,51,56,67,83,161,184,215
437,18,31,70,158,161,205,277,297,327,433,452,485
438,12,16,30,56,58,116,192,294,298,369
439,17,29,49,50,78,81,88,114,272,371,446,448,458
440,10,38,40,58,80,203,236,247,352,388,481
441,0,13,75,88,100,101,237,241,254,384
442,7,64,91,105,212,316,349,361,391,430,450,472
443,7,10,12,33,87,89,147,215,344,433,463
444,57,86,146,290,297,304,319,344,354,395
445,18,42,115,158,201,206,324,341,361,431
446,9,29,138,176,189,222,258,341,395,439
447,9,12,15,25,31,88,98,146,353,433
448,5,11,20,206,213,260,272,327,422,439
449,9,13,24,25,27,56,208,215,270,308,465
450,18,51,75,83,161,179,200,239,425,442
451,11,63,64,93,182,204,226,231,265,390,481
452,18,27,30,56,87,133,141,404,415,437,471,481,491
453,9,18,36,54,60,102,142,252,302,359
454,0,35,53,69,76,77,84,124,210,303,467,481,482
455,3,80,144,189,206,221,280,381,421,434
456,11,71,89,187,216,247,271,290,364,396
457,15,32,68,81,100,122,135,223,265,304,483
458,0,41,56,88,175,206,225,336,372,439
459,23,25,29,33,62,134,230,247,361,396
460,8,11,18,31,95,114,130,214,244,383,473,481,488
461,19,26,67,75,116,131,164,182,201,360,478
462,48,62,72,75,98,122,176,216,231,425,485
463,3,17,18,26,41,65,115,124,412,443,498
464,18,76,120,243,253,284,295,367,414,416
465,2,57,58,136,161,220,292,339,396,449,477,480,493
466,17,72,84,96,110,116,119,236,347,420
467,57,62,71,216,235,264,273,294,359,454
468,10,12,56,57,115,219,289,315,330,419
469,25,146,227,296,371,372,385,411,421,427
470,9,10,13,18,19,28,32,236,334,418
471,1,18,28,33,35,45,78,296,392,452
472,20,39,56,57,64,109,157,324,388,442
473,13,39,48,70,79,252,276,344,407,460
474,51,55,167,203,205,217,233,359,362,400
475,3,18,91,102,175,282,289,297,337,419
476,20,60,98,135,176,179,185,202,347,399
477,11,15,19,57,75,94,137,280,420,465
478,0,12,34,38,100,106,249,307,370,461
479,0,56,94,100,143,207,215,224,336,374
480,11,15,47,90,238,368,399,422,435,465
481,0,10,48,79,102,440,451,452,454,460
482,5,18,26,28,33,49,134,191,356,454,489
483,27,29,37,78,165,177,239,305,400,457
484,8,11,74,92,145,166,173,200,327,334
485,11,40,160,193,200,265,275,335,437,462
486,19,23,24,29,42,128,180,253,265,297
487,10,12,36,45,69,224,225,325,327,406
488,8,10,27,40,51,118,262,284,356,460
489,5,13,29,36,50,94,103,296,314,482
490,8,49,65,67,136,227,242,278,316,330
491,24,40,57,140,182,187,294,382,427,452
492,17,25,31,32,38,210,218,229,292,371
493,11,40,48,56,76,108,159,194,220,465
494,44,123,124,126,142,166,175,203,210,266
495,10,29,63,71,86,89,214,215,393,431
496,5,12,32,102,114,127,220,258,276,343
497,10,11,17,56,61,63,129,209,248,398
498,13,15,31,32,51,180,188,201,318,463
499,5,13,35,94,149,184,267,298,370,393
